{"cameraMode":{"drawMode":0,"name":"Shaded","section":"Shading Mode"},"sceneLighting":true,"audioPlay":false,"sceneViewState":{"m_AlwaysRefresh":false,"showFog":true,"showSkybox":true,"showFlares":true,"showImageEffects":true,"showParticleSystems":true,"showVisualEffectGraphs":true,"m_FxEnabled":true},"in2DMode":false,"pivot":{"x":1.2975327968597413,"y":-25.021034240722658,"z":72.80348205566406},"rotation":{"x":0.09934248775243759,"y":-0.4628220200538635,"z":0.05228818953037262,"w":0.8793152570724487},"size":1.392412781715393,"orthographic":false}